CREATE TABLE IF NOT EXISTS `user` (
    `id` int(11) NOT NULL AUTO_INCREMENT,
    `username` varchar(64) NOT NULL,
    `email` varchar(100) NOT NULL,
    `password` varchar(100) NOT NULL,
    `first_name` varchar(32) NOT NULL,
    `last_name` varchar(32) NOT NULL,
    PRIMARY KEY (`id`)
) DEFAULT CHARSET=utf8;

CREATE TABLE `comment` (
    `id` int(11) NOT NULL AUTO_INCREMENT,
    `user_id` INT(11) NOT NULL,
    `post_id` INT(11) NOT NULL,
    `time` DATETIME NOT NULL,
    `content` varchar(200) NOT NULL,
    PRIMARY KEY (`id`),
    FOREIGN KEY (`user_id`) REFERENCES `user` (`id`)
) DEFAULT CHARSET=utf8;

CREATE TABLE `image` (
    `id` INT(11) NOT NULL AUTO_INCREMENT,
    `data` MEDIUMBLOB NOT NULL,
    PRIMARY KEY (`id`)
) DEFAULT CHARSET=utf8;

CREATE TABLE `post` (
    `id` int(11) NOT NULL AUTO_INCREMENT,
    `user_id` INT(11) NOT NULL,
    `image_id` INT(11) NOT NULL,
    `time` DATETIME NOT NULL,
    `caption` varchar(200) NOT NULL,
    `likes` int(11) NOT NULL,
    PRIMARY KEY (`id`),
    FOREIGN KEY (`user_id`) REFERENCES `user` (`id`),
    FOREIGN KEY (`image_id`) REFERENCES `image` (`id`)
) DEFAULT CHARSET=utf8;

--
-- Dumping data for table `post`
--

LOCK TABLES `post` WRITE;
/*!40000 ALTER TABLE `post` DISABLE KEYS */;
INSERT INTO `post` VALUES (3,40,42,'2021-03-14 00:00:00','Random caption1',7),(79,19,56,'2021-03-14 00:00:00','Random caption2',2),(80,13,58,'2021-03-14 00:00:00','Random caption3',3),(81,8,28,'2021-03-14 00:00:00','Random caption4',5),(82,2,5,'2021-03-14 00:00:00','Random caption5',2),(83,26,49,'2021-03-14 00:00:00','Random caption6',3),(84,8,64,'2021-03-14 00:00:00','Random caption7',3),(85,9,13,'2021-03-14 00:00:00','Random caption8',3),(86,24,16,'2021-03-14 00:00:00','Random caption9',1),(87,36,69,'2021-03-14 00:00:00','Random caption10',1),(88,26,61,'2021-03-14 00:00:00','Random caption11',1),(89,44,8,'2021-03-14 00:00:00','Random caption12',3),(90,20,16,'2021-03-14 00:00:00','Random caption13',1),(91,47,2,'2021-03-14 00:00:00','Random caption14',1),(92,11,44,'2021-03-14 00:00:00','Random caption15',0),(93,25,32,'2021-03-14 00:00:00','Random caption16',0),(94,26,41,'2021-03-14 00:00:00','Random caption17',4),(95,6,50,'2021-03-14 00:00:00','Random caption18',2),(96,43,18,'2021-03-14 00:00:00','Random caption19',3),(97,48,56,'2021-03-14 00:00:00','Random caption20',3),(98,4,58,'2021-03-14 00:00:00','Random caption21',1),(99,32,38,'2021-03-14 00:00:00','Random caption22',2),(100,48,52,'2021-03-14 00:00:00','Random caption23',2),(101,41,19,'2021-03-14 00:00:00','Random caption24',2),(102,28,52,'2021-03-14 00:00:00','Random caption25',1),(103,16,15,'2021-03-14 00:00:00','Random caption26',1),(104,41,49,'2021-03-14 00:00:00','Random caption27',4),(105,27,23,'2021-03-14 00:00:00','Random caption28',3),(106,7,23,'2021-03-14 00:00:00','Random caption29',2),(107,19,12,'2021-03-14 00:00:00','Random caption30',4),(108,3,49,'2021-03-14 00:00:00','Random caption31',2),(109,28,3,'2021-03-14 00:00:00','Random caption32',5),(110,38,38,'2021-03-14 00:00:00','Random caption33',0),(111,12,18,'2021-03-14 00:00:00','Random caption34',3),(112,22,28,'2021-03-14 00:00:00','Random caption35',1),(113,37,10,'2021-03-14 00:00:00','Random caption36',1),(114,32,33,'2021-03-14 00:00:00','Random caption37',2),(115,49,36,'2021-03-14 00:00:00','Random caption38',6),(116,46,10,'2021-03-14 00:00:00','Random caption39',0),(117,48,31,'2021-03-14 00:00:00','Random caption40',2),(118,41,36,'2021-03-14 00:00:00','Random caption41',1),(119,17,23,'2021-03-14 00:00:00','Random caption42',4),(120,37,10,'2021-03-14 00:00:00','Random caption43',1),(121,1,28,'2021-03-14 00:00:00','Random caption44',3),(122,27,23,'2021-03-14 00:00:00','Random caption45',4),(123,20,30,'2021-03-14 00:00:00','Random caption46',0),(124,31,28,'2021-03-14 00:00:00','Random caption47',2),(125,7,27,'2021-03-14 00:00:00','Random caption48',2),(126,33,13,'2021-03-14 00:00:00','Random caption49',4),(127,44,3,'2021-03-14 00:00:00','Random caption50',1),(128,20,25,'2021-03-14 00:00:00','Random caption51',2),(129,22,4,'2021-03-14 00:00:00','Random caption52',2),(130,3,20,'2021-03-14 00:00:00','Random caption53',1),(131,5,18,'2021-03-14 00:00:00','Random caption54',2),(132,4,2,'2021-03-14 00:00:00','Random caption55',2),(133,15,24,'2021-03-14 00:00:00','Random caption56',1),(134,48,15,'2021-03-14 00:00:00','Random caption57',2),(135,15,5,'2021-03-14 00:00:00','Random caption58',1),(136,29,18,'2021-03-14 00:00:00','Random caption59',0),(137,42,19,'2021-03-14 00:00:00','Random caption60',1),(138,8,13,'2021-03-14 00:00:00','Random caption61',1),(139,35,15,'2021-03-14 00:00:00','Random caption62',5),(140,6,2,'2021-03-14 00:00:00','Random caption63',3),(141,11,3,'2021-03-14 00:00:00','Random caption64',0),(142,18,4,'2021-03-14 00:00:00','Random caption65',1),(143,4,1,'2021-03-14 00:00:00','Random caption66',3),(144,37,9,'2021-03-14 00:00:00','Random caption67',2),(145,28,3,'2021-03-14 00:00:00','Random caption68',1),(146,3,7,'2021-03-14 00:00:00','Random caption69',4),(147,16,8,'2021-03-14 00:00:00','Random caption70',0),(148,38,5,'2021-03-14 00:00:00','Random caption71',2),(149,34,2,'2021-03-14 00:00:00','Random caption72',3),(150,47,5,'2021-03-14 00:00:00','Random caption73',4),(151,45,6,'2021-03-14 00:00:00','Random caption74',0),(152,1,2,'2021-03-04 00:00:00','LOL',0),(153,8,22,'2021-03-04 00:00:00','First',0),(154,29,34,'2021-03-04 00:00:00','No caption needed',0),(155,38,64,'2021-03-04 00:00:00','New DP',0),(159,16,274,'2021-04-13 19:03:59','Cool skull',0),(160,16,275,'2021-04-13 19:06:08','Cool skull',0),(161,16,276,'2021-04-13 19:10:03','stormtrooper',0),(162,54,277,'2021-04-13 19:16:46','https://open.spotify.com/artist/4BTCODUb7HrDxZRjfwPbMt?si=U33geBnSRAyLrzTWz__53w',1),(163,53,278,'2021-04-13 20:17:10','Stormtrooper',3),(164,49,279,'2021-04-13 20:41:08','guys I got 100!!!!',0),(165,49,280,'2021-04-14 12:42:13','guys what the fuck\r\n',1),(166,49,281,'2021-04-14 12:43:30','This is better',0),(167,49,282,'2021-04-14 12:46:14','',0),(169,49,284,'2021-04-14 20:41:22','hmmmmm looks good?',0),(170,55,285,'2021-04-15 14:22:39','',0);
/*!40000 ALTER TABLE `post` ENABLE KEYS */;
UNLOCK TABLES;

CREATE TABLE `follower` (
    `user_id` INT(11) NOT NULL,
    `follower_id` INT(11) NOT NULL,
    FOREIGN KEY (`user_id`) REFERENCES `user` (`id`),
    FOREIGN KEY (`follower_id`) REFERENCES `user` (`id`)
) DEFAULT CHARSET=utf8;

--
-- Dumping data for table `follower`
--

LOCK TABLES `follower` WRITE;
/*!40000 ALTER TABLE `follower` DISABLE KEYS */;
INSERT INTO `follower` VALUES (1,19),(1,44),(1,16),(1,48),(1,12),(1,20),(1,7),(1,12),(1,31),(1,49),(2,20),(2,17),(2,35),(2,5),(2,41),(2,16),(2,27),(2,25),(2,27),(2,18),(3,48),(3,15),(3,34),(3,6),(3,42),(3,23),(3,42),(3,43),(3,7),(3,32),(4,46),(4,26),(4,43),(4,24),(4,47),(4,29),(4,20),(4,47),(4,22),(4,38),(5,19),(5,13),(5,2),(5,16),(5,14),(5,16),(5,47),(5,40),(5,12),(5,40),(6,31),(6,24),(6,26),(6,29),(6,22),(6,29),(6,6),(6,25),(6,38),(6,34),(7,1),(7,16),(7,20),(7,5),(7,40),(7,23),(7,20),(7,24),(7,37),(7,8),(8,1),(8,5),(8,44),(8,46),(8,2),(8,27),(8,24),(8,6),(8,15),(8,33),(9,10),(9,10),(9,5),(9,1),(9,17),(9,38),(9,44),(9,23),(9,10),(9,11),(10,38),(10,13),(10,11),(10,45),(10,49),(10,26),(10,49),(10,19),(10,31),(10,15),(11,19),(11,32),(11,35),(11,22),(11,42),(11,39),(11,36),(11,3),(11,33),(11,34),(12,20),(12,20),(12,37),(12,23),(12,12),(12,13),(12,38),(12,14),(12,22),(12,4),(13,23),(13,8),(13,4),(13,20),(13,29),(13,21),(13,38),(13,6),(13,38),(13,17),(14,31),(14,24),(14,26),(14,4),(14,2),(14,34),(14,4),(14,24),(14,44),(14,46),(15,14),(15,44),(15,35),(15,21),(15,31),(15,1),(15,8),(15,47),(15,37),(15,22),(16,34),(16,24),(16,31),(16,39),(16,13),(16,39),(16,38),(16,24),(16,7),(16,17),(17,48),(17,33),(17,33),(17,27),(17,47),(17,35),(17,8),(17,17),(17,36),(17,26),(18,32),(18,25),(18,3),(18,49),(18,45),(18,13),(18,15),(18,22),(18,22),(18,49),(19,35),(19,37),(19,18),(19,27),(19,36),(19,6),(19,9),(19,7),(19,10),(19,46),(20,48),(20,8),(20,10),(20,21),(20,21),(20,27),(20,41),(20,35),(20,37),(20,36),(21,42),(21,10),(21,7),(21,15),(21,15),(21,35),(21,47),(21,23),(21,36),(21,7),(22,22),(22,41),(22,13),(22,32),(22,18),(22,42),(22,49),(22,22),(22,31),(22,32),(23,48),(23,15),(23,44),(23,30),(23,28),(23,34),(23,21),(23,39),(23,2),(23,38),(24,5),(24,22),(24,21),(24,2),(24,47),(24,26),(24,31),(24,30),(24,5),(24,12),(25,36),(25,23),(25,39),(25,43),(25,21),(25,24),(25,22),(25,4),(25,33),(25,42),(26,31),(26,8),(26,40),(26,37),(26,2),(26,2),(26,40),(26,35),(26,8),(26,43),(27,10),(27,47),(27,47),(27,3),(27,30),(27,29),(27,24),(27,41),(27,41),(27,9),(28,22),(28,18),(28,40),(28,43),(28,26),(28,34),(28,47),(28,46),(28,5),(28,29),(29,15),(29,41),(29,21),(29,14),(29,23),(29,6),(29,7),(29,26),(29,23),(29,13),(30,8),(30,23),(30,29),(30,41),(30,24),(30,17),(30,22),(30,33),(30,21),(30,35),(31,2),(31,3),(31,4),(31,10),(31,35),(31,26),(31,4),(31,3),(31,45),(31,28),(32,23),(32,19),(32,6),(32,1),(32,22),(32,15),(32,36),(32,12),(32,49),(32,20),(33,32),(33,27),(33,32),(33,21),(33,43),(33,2),(33,3),(33,46),(33,35),(33,17),(34,43),(34,46),(34,48),(34,35),(34,2),(34,9),(34,17),(34,14),(34,45),(34,36),(35,46),(35,17),(35,36),(35,43),(35,14),(35,9),(35,11),(35,24),(35,3),(35,16),(36,32),(36,3),(36,7),(36,24),(36,30),(36,5),(36,44),(36,30),(36,33),(36,6),(37,14),(37,48),(37,42),(37,17),(37,13),(37,20),(37,47),(37,8),(37,47),(37,35),(38,1),(38,45),(38,13),(38,30),(38,33),(38,2),(38,11),(38,8),(38,30),(38,46),(39,25),(39,28),(39,21),(39,16),(39,36),(39,34),(39,8),(39,16),(39,12),(39,34),(40,18),(40,20),(40,15),(40,13),(40,48),(40,17),(40,35),(40,22),(40,37),(40,21),(41,8),(41,31),(41,31),(41,30),(41,2),(41,47),(41,4),(41,39),(41,4),(41,38),(42,12),(42,20),(42,1),(42,22),(42,16),(42,41),(42,2),(42,20),(42,36),(42,1),(43,19),(43,41),(43,31),(43,21),(43,39),(43,35),(43,18),(43,9),(43,20),(43,9),(44,28),(44,43),(44,29),(44,34),(44,9),(44,35),(44,31),(44,5),(44,20),(45,30),(45,3),(45,41),(45,24),(45,29),(45,46),(45,25),(45,5),(45,1),(45,31),(46,3),(46,31),(46,11),(46,33),(46,44),(46,32),(46,47),(46,44),(46,18),(46,48),(47,30),(47,18),(47,30),(47,8),(47,8),(47,29),(47,11),(47,20),(47,29),(47,24),(48,35),(48,31),(48,4),(48,41),(48,38),(48,5),(48,23),(48,10),(48,27),(48,39),(49,15),(49,48),(49,12),(49,31),(49,38),(49,18),(50,49),(50,1),(53,4),(53,5),(53,17),(53,3),(53,2),(53,1),(16,1),(54,53),(54,3),(55,26),(55,29),(55,27),(55,32),(55,14),(55,7),(55,28),(49,4),(56,49),(56,16),(56,55),(56,50),(56,53),(49,53),(49,44),(49,43);
/*!40000 ALTER TABLE `follower` ENABLE KEYS */;
UNLOCK TABLES;

CREATE TABLE `user_like` (
    `user_id` INT(11) NOT NULL,
    `post_id` INT(11) NOT NULL,
    `following_id` INT(11) NOT NULL,
    FOREIGN KEY (`user_id`) REFERENCES `user` (`id`),
    FOREIGN KEY (`post_id`) REFERENCES `post` (`id`)
) DEFAULT CHARSET=utf8;

ALTER TABLE `comment`
    ADD FOREIGN KEY (`post_id`) REFERENCES `post` (`id`)

LOCK TABLES `comment` WRITE;
/*!40000 ALTER TABLE `comment` DISABLE KEYS */;
INSERT INTO `comment` VALUES (1,49,3,'2021-03-15 00:00:00','Nice Pic'),(2,5,107,'2021-03-15 00:00:00','LOL'),(3,19,106,'2021-03-15 00:00:00','WOW'),(4,16,138,'2021-03-15 00:00:00','WOW'),(5,43,113,'2021-03-15 00:00:00','W '),(6,12,104,'2021-03-15 00:00:00','AHAHAHA'),(7,22,110,'2021-03-15 00:00:00','Cool'),(8,14,89,'2021-03-15 00:00:00','Man'),(9,19,118,'2021-03-15 00:00:00','hahaha'),(10,9,143,'2021-03-15 00:00:00','lmao'),(11,35,88,'2021-03-15 00:00:00','lmaoooo'),(12,41,149,'2021-03-15 00:00:00','Way'),(13,1,124,'2021-03-15 00:00:00','Wheres that'),(14,40,123,'2021-03-15 00:00:00','So cool'),(15,12,137,'2021-03-15 00:00:00','Nice Pic'),(16,47,150,'2021-03-15 00:00:00','Nice '),(17,4,100,'2021-03-15 00:00:00','Dopeeee'),(18,49,96,'2021-03-15 00:00:00','Dope '),(19,29,87,'2021-03-15 00:00:00','Very nice '),(20,38,106,'2021-03-15 00:00:00','Love it '),(21,2,90,'2021-03-15 00:00:00','Lol?'),(22,26,115,'2021-03-15 00:00:00','Whats that '),(23,16,108,'2021-03-15 00:00:00','Sick inv'),(24,19,114,'2021-03-15 00:00:00','nicee'),(25,42,94,'2021-03-15 00:00:00','Where '),(26,37,108,'2021-03-15 00:00:00','Ball is life'),(27,10,115,'2021-03-15 00:00:00','Don’t like it'),(28,11,87,'2021-03-15 00:00:00','Why there '),(29,3,105,'2021-03-15 00:00:00','lollllll'),(30,35,118,'2021-03-15 00:00:00','meh '),(31,8,136,'2021-03-15 00:00:00','Nice Pic'),(32,46,115,'2021-03-15 00:00:00','LOL'),(33,7,88,'2021-03-15 00:00:00','WOW'),(34,14,112,'2021-03-15 00:00:00','WOW'),(35,43,105,'2021-03-15 00:00:00','W '),(36,42,95,'2021-03-15 00:00:00','AHAHAHA'),(37,24,115,'2021-03-15 00:00:00','Cool'),(38,35,125,'2021-03-15 00:00:00','Man'),(39,16,130,'2021-03-15 00:00:00','hahaha'),(40,48,145,'2021-03-15 00:00:00','lmao'),(41,23,117,'2021-03-15 00:00:00','lmaoooo'),(42,34,117,'2021-03-15 00:00:00','Way'),(43,12,144,'2021-03-15 00:00:00','Wheres that'),(44,13,150,'2021-03-15 00:00:00','So cool'),(45,18,83,'2021-03-15 00:00:00','Nice Pic'),(46,37,149,'2021-03-15 00:00:00','Nice '),(47,25,119,'2021-03-15 00:00:00','Dopeeee'),(48,25,111,'2021-03-15 00:00:00','Dope '),(49,4,111,'2021-03-15 00:00:00','Very nice '),(50,50,122,'2021-03-15 00:00:00','Love it '),(51,11,132,'2021-03-15 00:00:00','Lol?'),(52,7,113,'2021-03-15 00:00:00','Whats that '),(53,27,122,'2021-03-15 00:00:00','Sick inv'),(54,36,99,'2021-03-15 00:00:00','nicee'),(55,41,114,'2021-03-15 00:00:00','Where '),(56,30,129,'2021-03-15 00:00:00','Ball is life'),(57,2,104,'2021-03-15 00:00:00','Don’t like it'),(58,37,106,'2021-03-15 00:00:00','Why there '),(59,34,90,'2021-03-15 00:00:00','lollllll'),(60,18,141,'2021-03-15 00:00:00','meh '),(61,3,114,'2021-03-15 00:00:00','I was there '),(62,34,108,'2021-03-15 00:00:00','Viral '),(63,15,119,'2021-03-15 00:00:00','Looks like a movie'),(64,1,103,'2021-03-15 00:00:00','Photographer lol'),(65,16,132,'2021-03-15 00:00:00','Saw better'),(66,40,140,'2021-03-15 00:00:00','uh what'),(67,29,128,'2021-03-15 00:00:00','hehehe'),(68,20,80,'2021-03-15 00:00:00','Coolll'),(69,8,134,'2021-03-15 00:00:00','Don’t like it '),(70,12,99,'2021-03-15 00:00:00','Where '),(71,24,143,'2021-03-15 00:00:00','waow'),(72,26,150,'2021-03-15 00:00:00','WAOW'),(73,43,131,'2021-03-15 00:00:00','Insane'),(74,6,150,'2021-03-15 00:00:00','Crazy'),(75,25,147,'2021-03-15 00:00:00','Thats so insane'),(76,36,125,'2021-03-15 00:00:00','Pic is so niceee'),(77,15,85,'2021-03-15 00:00:00','You\'re amazing'),(78,40,141,'2021-03-15 00:00:00','ouff'),(79,15,144,'2021-03-15 00:00:00','Im next haha'),(82,53,111,'2021-04-13 10:40:31','Cool!'),(83,53,111,'2021-04-13 10:41:05','Sick bro'),(85,16,160,'2021-04-13 19:09:37','Comment'),(88,53,162,'2021-04-13 20:15:25','Sick profile picture'),(89,53,163,'2021-04-13 20:17:29','GIFs!'),(90,54,163,'2021-04-13 20:18:36','Move along'),(91,54,115,'2021-04-13 20:28:28','Cool camera'),(92,53,115,'2021-04-13 20:30:10','Awful picture'),(93,49,163,'2021-04-13 20:46:17','you think you are funny?'),(94,55,163,'2021-04-13 20:52:39','Meh '),(95,53,115,'2021-04-13 21:21:08','Actually... it\'s kind of nice'),(96,49,124,'2021-04-14 12:40:22','wow'),(97,49,115,'2021-04-14 16:03:18','no its not'),(98,53,162,'2021-04-15 11:05:37','Great album too');
/*!40000 ALTER TABLE `comment` ENABLE KEYS */;
UNLOCK TABLES;